"","overall","HBA for SBP","HBA for HbA1c","Diff for SBP","Diff for HbA1c"
"results_est",-0.0988558949156604,-0.361359751271878,-0.349646081844301,-0.262503856356218,-0.250790186928641
"2.5%",-0.110811917259653,-0.377064416211056,-0.371109774841698,-0.276892959795462,-0.272912936791687
"97.5%",-0.0807337860817272,-0.343211039824353,-0.334403890602181,-0.234042429889085,-0.228699650089219
