"","overall","HBA for SBP","HBA for HbA1c","Diff for SBP","Diff for HbA1c"
"results_est",-0.0190301018024797,-2.07865191029568,-1.92425304237656,-2.0596218084932,-1.90522294057408
"2.5%",-0.283656834025642,-2.49297202708735,-2.26140899414029,-2.32139422022635,-2.14282386890494
"97.5%",0.162193073430905,-1.76450232474226,-1.71482590923084,-1.79730300361651,-1.72859359006471
