"","overall","HBA for SBP","HBA for HbA1c","Diff for SBP","Diff for HbA1c"
"results_est",-0.481159295785668,-2.82318424650491,-2.50538136877036,-2.34202495071924,-2.02422207298469
"2.5%",-0.792947607957073,-3.19689359208274,-2.85800526167919,-2.61116231583685,-2.28189330335355
"97.5%",-0.1866337171905,-2.34348096994742,-2.07803284042392,-1.97275979417018,-1.70571410964777
