"","overall","HBA for SBP","HBA for HbA1c","Diff for SBP","Diff for HbA1c"
"results_est",-0.23095253343776,-0.840371266447859,-0.805160168604588,-0.609418733010099,-0.574207635166828
"2.5%",-0.269207145046461,-0.880604703052244,-0.839143854068735,-0.639622521850336,-0.614080240337692
"97.5%",-0.153862850814005,-0.775333825338137,-0.744670259181401,-0.565383847153141,-0.526289624600926
