"","overall","HBA for SBP","HBA for HbA1c","Diff for SBP","Diff for HbA1c"
"results_est",-0.812650966572952,-6.18670557118422,-5.46086437274016,-5.37405460461127,-4.6482134061672
"2.5%",-1.14425315010392,-6.67489866519785,-5.9274108259997,-5.71366038986018,-5.03646878316847
"97.5%",0.0578206160795137,-5.30184308744563,-4.51338707289945,-4.66623573664091,-4.07106768928937
