"","overall","HBA for SBP","HBA for HbA1c","Diff for SBP","Diff for HbA1c"
"results_est",0.152839589722847,-4.22964486149088,-4.03972604342774,-4.38248445121372,-4.19256563315058
"2.5%",-1.24361678474454,-5.09360158357356,-5.01287899021445,-4.6723976558407,-4.55954841006856
"97.5%",1.75820232114088,-2.78616534673206,-2.4101835516343,-3.75244446182848,-3.72594436679786
