"","overall","HBA for SBP","HBA for HbA1c","Diff for SBP","Diff for HbA1c"
"results_est",-0.0432007039565042,-4.78631776460027,-4.43801458484273,-4.74311706064376,-4.39481388088623
"2.5%",-0.644868805293236,-5.79450391766788,-5.24144103931493,-5.45902989373867,-5.05976015317093
"97.5%",0.371401130356981,-4.15762574252173,-4.04557782681042,-4.07299833582965,-3.96364362014107
