"","overall","HBA for SBP","HBA for HbA1c","Diff for SBP","Diff for HbA1c"
"results_est",1.88443968243771,1.79186007741814,1.77781050800091,-0.0925796050195657,-0.106629174436796
"2.5%",1.50866885197642,1.42656429655309,1.41066785839039,-0.293060988865945,-0.252110501821948
"97.5%",1.93952086790956,1.99378299815396,1.93671914950415,0.135491807520715,0.0933058187914929
