"","overall","HBA for SBP","HBA for HbA1c","Diff for SBP","Diff for HbA1c"
"results_est",-1.09229159722369,-6.50068289204988,-5.77830400177686,-5.40839129482619,-4.68601240455317
"2.5%",-1.7999360912429,-7.46287480010149,-6.67931721638772,-6.12188650342925,-5.3473374224871
"97.5%",-0.436223393650617,-5.59602210349655,-4.97573314314585,-4.65180385742287,-4.02230383786477
