"","overall","HBA for SBP","HBA for HbA1c","Diff for SBP","Diff for HbA1c"
"results_est",0.4247447921211,0.490112819600128,0.455855756317799,0.0653680274790282,0.0311109641966986
"2.5%",0.379581368419941,0.397618384836362,0.385436119760349,-0.0804032519428701,-0.072090529954352
"97.5%",0.567073541901653,0.657795350468246,0.619708260967066,0.143904254906445,0.0846689437513407
