"","overall","HBA for SBP","HBA for HbA1c","Diff for SBP","Diff for HbA1c"
"results_est",-0.224415207807819,-0.83206937552044,-0.806408708514579,-0.607654167712621,-0.58199350070676
"2.5%",-0.253015577085966,-0.874019641669531,-0.865627409757788,-0.660509590192107,-0.652269073579517
"97.5%",-0.1837737359386,-0.792095390656239,-0.770483513782942,-0.540799038524647,-0.528054658187498
